subscription_date,user_name,Country
01/05/2021,Marah,Nauru
09/08/2020,Joshua,Austria
04/01/2020,Heidi,Guinea
11/10/2020,Rina,Turkmenistan
11/07/2020,Christine,Marshall Islands
07/07/2020,Ayanna,Gabon
02/03/2021,Dakota,Nigeria
15/06/2020,Alex,France
16/01/2021,Finley,South Korea
12/12/2020,Taylor,Nigeria
02/03/2021,Hayden,South Africa
02/03/2021,Avery,Brazil
23/11/2020,Taylor,South Korea
02/03/2021,Hayden,India
16/01/2021,Hayden,Japan
20/08/2020,Jordan,Egypt
30/09/2020,Aubrey,Italy
20/08/2020,Skyler,USA
16/01/2021,Finley,Argentina
23/11/2020,Parker,Canada
12/12/2020,Robin,Spain
23/11/2020,Skyler,South Africa
18/04/2021,Skyler,Spain
15/06/2020,Jordan,China
05/07/2021,Jamie,France
02/03/2021,Emerson,USA
18/04/2021,Robin,Spain
15/06/2020,Robin,Italy
18/04/2021,Emerson,France
02/03/2021,Dakota,Chile
05/07/2021,Reese,Brazil
03/05/2020,Dakota,UK
20/08/2020,Parker,USA
15/06/2020,Emerson,Spain
02/03/2021,Alex,UK
30/09/2020,Jamie,Argentina
05/07/2021,Kendall,Egypt
03/05/2020,Hayden,Brazil
20/08/2020,Morgan,UK
12/12/2020,Dakota,Japan
20/08/2020,Finley,China
05/07/2021,Skyler,Chile
15/06/2020,Dakota,Spain
03/05/2020,Hayden,Chile
15/06/2020,Hayden,South Korea
02/03/2021,Casey,Spain
05/07/2021,Robin,New Zealand
16/01/2021,Avery,Germany
18/04/2021,Jamie,Egypt
20/08/2020,Alex,India
16/01/2021,Hayden,Canada
05/07/2021,Finley,New Zealand
03/05/2020,Quinn,Brazil
12/12/2020,Skyler,USA
05/07/2021,Reese,China
30/09/2020,Avery,Italy
23/11/2020,Casey,South Korea
02/03/2021,Robin,Brazil
05/07/2021,Dakota,Spain
03/05/2020,Blake,Nigeria
20/08/2020,Jordan,Chile
03/05/2020,Blake,Nigeria
18/04/2021,Dakota,Italy
20/08/2020,Hayden,Egypt
02/03/2021,Emerson,Chile
16/01/2021,Quinn,Argentina
16/01/2021,Quinn,Brazil
12/12/2020,Kendall,China
03/05/2020,Parker,China
23/11/2020,Parker,South Korea
02/03/2021,Dakota,China
16/01/2021,Quinn,South Korea
03/05/2020,Reese,Nigeria
20/08/2020,Aubrey,Canada
18/04/2021,Rowan,China
03/05/2020,Kendall,Italy
18/04/2021,Kendall,China
20/08/2020,Parker,Brazil
02/03/2021,Dakota,Canada
30/09/2020,Jamie,France
15/06/2020,Jordan,Brazil
12/12/2020,Jamie,New Zealand
15/06/2020,Reese,Chile
20/08/2020,Robin,Nigeria
05/07/2021,Reese,Portugal
15/06/2020,Taylor,Germany
05/07/2021,Robin,Nigeria
30/09/2020,Robin,India
05/07/2021,Quinn,Brazil
30/09/2020,Aubrey,Japan
30/09/2020,Dakota,Egypt
16/01/2021,Emerson,Egypt
02/03/2021,Dakota,Egypt
15/06/2020,Emerson,Germany
18/04/2021,Taylor,India
18/04/2021,Alex,USA
02/03/2021,Finley,Argentina
05/07/2021,Alex,Germany
03/05/2020,Jamie,South Korea
12/12/2020,Dakota,USA
